Timestamp,Gender,Age (number),Race/ethnicity,If not from U.S. please specify COUNTRY (leave blank if from U.S.),"Home State (abrv., Ex. NY, USE ALL CAPS please!)
(N/A if not from U.S.)","Name of home COUNTY (Ex. Broome)
(N/A if not from U.S.)",Did you play organized sports from ages 5-12?,Did you play organized sports from ages 13-18?,"Which sport was your primary sport in high school (if you played, if not click none)","Which sport was your secondary sport in high school (if you played, if not click none)","Did you hold a leadership position in high school for your sport? (Captain, etc.) (Click no if did not play a sport)",At what point did you stop playing these sports?,"To the best of your recollection, How many hours did you study in High School per week?",Were you part of any non sport club(s) in high school?,"if yes, how many","What was, to the best of your recollection, your High School average (out of 100)?
(If unknown, write N/A)",How many days per week did you train for your sport in high school (if no sport: select Did not train),How many hours did you spend training for your sport per day?,Did you aspire to be an athlete in college?,Did you mention any sports involvement on your college application?,Year,"Major
(if not at Binghamton click OTHER @ bottom)
(if not at college choose NONE @ bottom)",What college do you attend (did attend)?,If not attending/didn't attend Binghamton University please specify your Major at your university,If you did not attend/aren't attending Binghamton University did you apply to Binghamton University? ,If you did not attend/aren't attending Binghamton University did you get accepted into Binghamton? ,"College GPA (EX: 3.53)
(If freshman write ""No GPA Yet"")",After college plans,Are you currently an athlete on a NCAA team at your school (D1/D2/D3)?,"What university teams are you on, if any? (choose all that apply, if not click none)","Do you participate in any intramural sports in college?
",How many days do you train per week currently? (if not a college athlete select Do not train),How many hours do you spend training for your sport per day? (if not a college athlete select Do not train),"Do you think participation in these sports has positively or negatively affected your grades
","Are you enrolled in college on an athletic scholarship if you play a sport?
(Don‚Äôt answer if you do not play a sport in college)","Feedback:

Were any of the questions confusing or unclear? If yes, which ones?
Did any questions feel repetitive or unnecessary?
Were there any important questions you think we should add?
How long did the survey take you to complete? Was that too short, too long, or about right?
Did the wording of any questions feel biased or leading?
Were the answer choices clear and complete (e.g., did you ever feel like your answer wasn‚Äôt listed)?
Overall, what parts of the survey worked well?
What parts should we change or remove?
","If you answered yes to the last question, how did you make your team?"
9/18/2025 16:35:47,Male,21,White,,NY,New York,No,No,None,None,No,Never Played,3,No,,96,Did not train,Did not train,No,No,Senior,"Political Science, BA",Binghamton University,,,,3.72,Graduate School,No,None,No,Do not train,Do not train,N/A,No,,
9/18/2025 16:38:44,Male,21,White,,NY,Rockland,Yes,Yes,XC/Track and Field,Baseball,Yes,End of high school,3,Yes,1,96,7,3,Yes,Yes,Senior,"Mathematical Sciences, BA",Binghamton University,,,,3.18,Employment,No,None,Yes,Do not train,Do not train,Positive effect,No,N/A,
9/18/2025 16:42:38,Male,21,White,,NY,Suffolk,Yes,Yes,Baseball,XC/Track and Field,Yes,End of high school,2,Yes,1,98,6,2,Yes,Yes,Senior,"Political Science, BA",Binghamton University,,,,3.5,Graduate School,No,None,Yes,Do not train,Do not train,Positive effect,,,
9/18/2025 17:55:02,Male,21,White,,NY,Nassau,Yes,Yes,Tennis,None,Yes,Never Stopped,8,Yes,5+,99.3,5,2,No,Yes,Senior,"Mathematical Sciences, BA",Binghamton University,,,Yes,3.9,Employment,No,None,No,Do not train,Do not train,N/A,,,
9/18/2025 18:19:22,Female,21,White,,MA,Plymouth,Yes,Yes,Softball,Field Hockey,Yes,End of high school,3,No,,N/A,6,2,No,Yes,Senior,"English, BA",Binghamton University,,,,3.98,Graduate School,No,None,No,Do not train,Do not train,No effect,,"I feel like the mix of required vs unrequired questions was a little strange. For example, the demographics section at the beginning where you asked where are you from, the option to fill in a state was not required (because there might be people not from the US taking this) but the question about what county are you from was required (despite the fact that not everybody taking this will be from the US, which you did clarify in the questions).

The only question I found unclear was the one about the high school average out of 100. I was not sure what a high school average was (which might just be a me thing), or if you were asking for the average of something and just forgot to put the extra word in there. 

Other than those two things, I thought this survey was well put together and thorough in its questions. It did not take a long time to fill out and both the questions and answers were easy to understand. Nice job!",
9/18/2025 18:21:44,Female,20,Black or African American,,NY,Kings,Yes,Yes,Swimming and Diving,None,No,End of high school,5,Yes,1,98,3,2,No,Yes,Senior,"Economics, BA",Binghamton University,,,,3.7,Employment,No,None,No,Do not train,Do not train,Positive effect,,,
9/18/2025 21:27:47,Female,21,White,,NY,Nassau,Yes,Yes,Volleyball,Lacrosse,No,End of high school,4,Yes,2,96,5,2,No,Yes,Senior,"Economics, BA",Binghamton University,,Yes,Yes,3.55,Employment,No,None,Yes,Do not train,Do not train,N/A,No,,
9/18/2025 22:31:11,Female,21,Hispanic or Latino,,NY,Westchester,Yes,Yes,XC/Track and Field,XC/Track and Field,Yes,Never Stopped,4,Yes,1,98,6,2,Yes,Yes,Senior,Other,Stony Brook University,Health science ,No,,3.2,Graduate School,Yes,XC/Track and Field,No,6,2,Positive effect,Yes,,Recruited
9/22/2025 13:07:32,Male,21,White,,NY,N/A,Yes,Yes,Lacrosse,None,No,End of high school,3,Yes,2,94,6,2,No,Yes,Senior,"Sociology, BA",Binghamton University,,Yes,Yes,3.3,Employment,No,None,No,Do not train,Do not train,Positive effect,No,N/A,
9/22/2025 13:16:08,Female,21,White,,NY,Nassau,Yes,Yes,Lacrosse,Volleyball,No,During high school,2,Yes,2,98,4,1,No,No,Senior,"Biological Sciences, BS",Binghamton University,,,,3.67,Graduate School,No,None,No,Do not train,Do not train,N/A,No,,
9/22/2025 13:18:16,Female,21,White,,NY,N/A,Yes,Yes,Field hockey ,None,No,End of high school,4,Yes,1,96,2,2,No,Yes,Senior,"English, BA",Binghamton University,,Yes,,3.81,Employment,No,None,No,Do not train,Do not train,N/A,No,,
9/22/2025 13:21:06,Male,21,Asian,,NY,Rockland,Yes,Yes,Basketball,XC/Track and Field,Yes,Never Stopped,3,Yes,1,94,6,3,Yes,Yes,Graduate Student,"Geological Sciences, BA",Binghamton University,,,,3.5,Employment,No,None,Yes,Do not train,Do not train,Positive effect,No,Well done!,
9/22/2025 13:21:25,Female,20,"Asian, White",,NY,Queens ,Yes,Yes,Volleyball,None,Yes,End of high school,6,Yes,3,99.1,6,2,Yes,Yes,Senior,"Mathematical Sciences, BA",Binghamton University,,,,3.33,Graduate School,No,None,No,Do not train,Do not train,N/A,,,
9/22/2025 13:21:31,Female,21,White,,NY,Nassau ,Yes,Yes,Swimming and Diving,Volleyball,Yes,End of high school,3,Yes,3,105,5,1,No,No,Senior,"Philosophy, Politics, and Law, BA",Binghamton University,,,,3.92,Graduate School,No,None,No,Do not train,Do not train,N/A,No,,
9/22/2025 13:23:31,Female,21,White,,NY,Suffolk,Yes,No,None,None,No,End of middle school,5,Yes,2,93,Did not train,Did not train,No,No,Senior,"Biological Sciences, BS",Binghamton University,,,,3.5,Graduate School,No,None,No,Do not train,Do not train,N/A,,Quick easy,
9/22/2025 13:32:53,Female,21,White,,NY,Suffolk,Yes,Yes,Volleyball,None,Yes,End of high school,3,Yes,2,94,5,3,No,Yes,Senior,"Human Development, BS",Binghamton University,,,,3.37,Graduate School,No,None,No,Do not train,Do not train,N/A,,,
9/22/2025 13:44:11,Female,20,White,,NY,N/A,Yes,Yes,Softball,Soccer,Yes,End of high school,5,Yes,4,97,4,2,No,Yes,Junior,"Psychology, BA",Binghamton University,,Yes,Yes,3.76,Graduate School,No,None,Yes,Do not train,Do not train,N/A,No,,
9/22/2025 13:47:40,Male,19,White,,NY,Nassau,Yes,Yes,Wrestling,Soccer,No,End of high school,5,Yes,3,94,5,2,No,Yes,Junior,"Industrial and Systems Engineering, BS",Binghamton University,,,,3.56,Employment,No,None,Yes,Do not train,Do not train,Positive effect,No,,
9/22/2025 13:48:04,Male,20,White,,NY,N/A,Yes,Yes,Baseball,XC/Track and Field,No,Never Stopped,5,Yes,3,98,3,1,No,Yes,Junior,"Economics, BS",Binghamton University,,,,3.5,Employment,No,None,Yes,Do not train,Do not train,Positive effect,No,,
9/22/2025 13:58:22,Male,21,White,,NY,Suffolk ,Yes,Yes,Soccer,None,No,End of high school,3,No,,94,6,2,Yes,Yes,Senior,"Economics, BA",Binghamton University,,,,2.7,Employment,No,None,Yes,Do not train,Do not train,N/A,No,If you did not attend/are attending Binghamton University did you apply to Binghamton University?- This question was confusing,
9/22/2025 14:03:09,Male,18,"Middle Eastern or North African, White",,NY,Nassau,Yes,Yes,American Football,Basketball,Yes,End of high school,3,Yes,2,94,6,4,No,Yes,Freshman,"Biological Sciences, BA",Binghamton University,,,,N/A,Graduate School,No,None,Yes,Do not train,Do not train,No effect,No,It was a great form ,
9/22/2025 14:10:12,Male,20,Black or African American,,NY,Monroe,No,Yes,Wrestling,None,No,End of high school,4,Yes,1,95,6,2,No,Yes,Junior,"Economics, BA",Binghamton University,,,,3.37,Employment,No,None,No,Do not train,Do not train,N/A,No,,
9/22/2025 14:13:58,Male,18,White,,NY,Westchester,Yes,Yes,Soccer,Tennis,Yes,End of high school,3,Yes,3,93,5,1,No,Yes,Sophomore,"Business Administration, BS",Binghamton University,,,,3.76,Employment,No,None,No,Do not train,Do not train,N/A,No,Everything looks good,
9/22/2025 14:16:22,Male,20,Hispanic or Latino,,NY,N/A,Yes,Yes,Baseball,Basketball,Yes,End of high school,1,No,,97,7,2,Yes,Yes,Junior,"Psychology, BA",Binghamton University,,Yes,,3.35,Graduate School,No,None,Yes,Do not train,Do not train,N/A,No,,
9/22/2025 14:21:51,Male,18,White,,NY,Nassau,Yes,Yes,Soccer,Basketball,Yes,End of high school,2,Yes,3,94.1,3,2.5,No,Yes,Freshman,"Business Administration, BS",Binghamton University,,Yes,Yes,N/A,Employment,No,None,No,Do not train,Do not train,N/A,No,,
9/22/2025 14:29:37,Male,19,White,,NY,N/A,Yes,Yes,American Football,Hockey,No,During high school,8,Yes,4,98,3,2,No,Yes,Junior,"Psychology, BA",Binghamton University,,Yes,Yes,3.5,Graduate School,No,None,Yes,Do not train,Do not train,No effect,No,,
9/22/2025 15:14:10,Female,21,White,,NY,Erie ,Yes,Yes,Soccer,Basketball,Yes,Never Stopped,8,Yes,5+,97,5,2,No,Yes,Senior,"Biological Sciences, BS",Binghamton University,,,,3.58,Graduate School,No,None,No,Do not train,Do not train,N/A,No,NA,
9/22/2025 15:18:06,Male,21,White,,NY,N/A,Yes,Yes,Baseball,Soccer,Yes,End of high school,5,Yes,4,94,6,3,Yes,Yes,Senior,"Economics, BA",Binghamton University,,,,3.4,Graduate School,No,None,Yes,Do not train,Do not train,N/A,,,
9/22/2025 15:34:51,Male,20,White,,NY,Suffolk,Yes,Yes,Soccer,None,No,During high school,0,No,,97,2,2,No,No,Senior,"Biological Sciences, BA",Binghamton University,,,,3.4,Employment,No,None,Yes,Do not train,Do not train,N/A,No,,
9/22/2025 16:21:03,Male,22,"Middle Eastern or North African, Jewish",,NY,New York,Yes,Yes,Hockey,None,No,During high school,5,No,,90,2,2,No,Yes,Senior,"Art, BA",Binghamton University,,,,3.76,Employment,No,None,No,Do not train,Do not train,N/A,No,,
9/22/2025 16:32:54,Male,21,"Black or African American, White",,NY,Suffolk,Yes,Yes,Basketball,None,Yes,During high school,4,No,,93,6,2,No,Yes,Senior,"Nursing, RN-BS Program, BS",Molloy University ,Nursing BSN,No,No,3.56,Employment,No,None,No,Do not train,Do not train,N/A,No,The wording of some of the questions on the last form could benefit from minor modifications however relatively easy to understand and follow.,
9/22/2025 17:39:10,Female,21,White,,NY,Suffolk,Yes,Yes,Cheer,Lacrosse,No,End of high school,5,Yes,3,96,7,3,No,No,Graduate Student,"Business Administration, BS",Binghamton University,,,,3.4,Employment,No,None,No,Do not train,Do not train,N/A,,,
9/22/2025 17:50:09,Female,20,White,,NY,Suffolk ,Yes,Yes,Cheer,Gymnastics,No,Never Stopped,8,Yes,5+,98,5,3,Yes,Yes,Junior,"Integrative Neuroscience, BS",Binghamton University,,Yes,Yes,3.4,Graduate School,No,None,Yes,Do not train,Do not train,Positive effect,No,,
9/22/2025 22:21:24,Male,21,White,,NY,Nassau,Yes,Yes,Baseball,None,Yes,Never Stopped,2,Yes,1,97,5,2,Yes,No,Senior,Other,Baruch College,Journalism,No,Did Not Apply,2.98,Employment,Yes,Baseball,No,6,4,Negative effect,No,it was good,Recruited
9/23/2025 1:48:17,Male,18,Asian,,NY,Rockland ,Yes,Yes,Lacrosse,XC/Track and Field,No,Never Stopped,1,Yes,2,N/A,6,3,No,Yes,Freshman,"Business Administration, BS",Binghamton University,,,,na ,Graduate School,No,None,No,Do not train,Do not train,No effect,No,,
9/24/2025 9:54:34,Female,20,Asian,,NY,N/A,Yes,Yes,Fencing,Basketball,No,End of high school,8,Yes,1,98,3,3,No,No,Senior,"Art, BA",Binghamton University,,,,3.85,Graduate School,No,None,,Do not train,Do not train,N/A,No,"I think the questions were straightforward, and it took me only a few minutes to complete. Although there was a question that said was optional, but actually was not according to Google Forms. Overall, all the questions were intuitive and easily understood, and I did not have any significant trouble when filling out this form. ",
9/24/2025 17:15:04,Male,21,White,,NY,N/A,Yes,Yes,Soccer,Basketball,Yes,End of high school,1,No,,91,6,2,Yes,Yes,Senior,"Political Science, BA",Binghamton University,,,,2.7,Employment,No,None,Yes,Do not train,Do not train,Positive effect,No,No,
9/24/2025 19:03:27,Male,21,White,,NY,Suffolk ,Yes,Yes,Lacrosse,None,Yes,End of high school,5,No,,90,6,3,No,No,Senior,"Business Administration, BS",Binghamton University,,,,3.2,Employment,No,None,Yes,Do not train,Do not train,Positive effect,No,They were very good,
9/24/2025 19:05:41,Male,20,White,,NY,Nassau,Yes,Yes,XC/Track and Field,XC/Track and Field,Yes,Never Stopped,1,Yes,1,N/A,7,3,No,Yes,Junior,"Political Science, BA",Binghamton University,,,,3.7,Graduate School,No,None,,Do not train,Do not train,Positive effect,,,
9/24/2025 19:09:40,Male,20,White,,NY,Nassau,Yes,Yes,Baseball,None,No,End of high school,4,Yes,1,100,3,2,Yes,Yes,Junior,"Business Administration, BS",Binghamton University,,,,3.9,Employment,No,None,Yes,Do not train,Do not train,No effect,No,,
9/24/2025 19:12:53,Male,20,White,,NY,Suffolk,Yes,Yes,American Football,None,No,End of high school,1,Yes,2,100,5,3,No,Yes,Junior,"Computer Science, BS",Binghamton University,,Yes,Yes,3.84,Employment,No,None,No,Do not train,Do not train,No effect,No,,
9/24/2025 19:18:08,Male,20,"Asian, White",,Ny,Nassau,Yes,Yes,Basketball,None,No,End of high school,1,Yes,2,98,5,2,No,Yes,Junior,Undeclared,Binghamton University,,Yes,,2.61,Graduate School,No,None,No,Do not train,Do not train,N/A,No,Yes,
9/24/2025 19:22:21,Male,22,Asian,,NJ,Essex,Yes,Yes,Baseball,None,Yes,During high school,5,Yes,2,85,2,2,No,No,Graduate Student,"Business Administration, BS",Binghamton University,,,,3.66,Employment,No,None,Yes,Do not train,Do not train,N/A,No,Thanks dom,
9/24/2025 19:24:29,Male,20,White,,NY,Suffolk ,Yes,Yes,Basketball,Golf,No,End of middle school,3,Yes,1,90,2,2,Yes,No,Junior,"Psychology, BA",Binghamton University,,,,3.4,Graduate School,No,None,No,Do not train,Do not train,N/A,No,None,
9/24/2025 19:25:24,Male,20,White,,NY,Nassau,Yes,Yes,Baseball,Basketball,No,End of high school,3,Yes,2,96,5,2,No,Yes,Junior,"Business Administration, BS",Binghamton University,,Yes,Yes,3.55,Employment,No,None,Yes,Do not train,Do not train,Positive effect,No,,
9/24/2025 19:31:29,Male,20,White,,NJ,N/A,Yes,Yes,Baseball,Golf,No,End of high school,2,No,,85,6,1,No,Yes,Junior,"Philosophy, Politics, and Law, BA",Binghamton University,,,,3.2,Graduate School,No,None,No,Do not train,Do not train,N/A,No,,
9/24/2025 19:33:22,Male,20,Asian,,NJ,Bergen,Yes,Yes,XC/Track and Field,Soccer,No,During high school,1,No,,88,2,2,No,Yes,Junior,"Economics, BA",Binghamton University,,,,3.2,Employment,No,None,Yes,Do not train,Do not train,No effect,No,the average question out of 100. shit question lol,
9/24/2025 19:41:58,Male,21,White,,NJ,Morris,Yes,Yes,Hockey,Golf,Yes,During high school,6,Yes,5+,N/A,4,3,No,Yes,Graduate Student,Other,Binghamton University,,,Yes,3.93,Employment,No,None,Yes,Do not train,Do not train,No effect,No,Why did playing sports help you can add ,
9/24/2025 19:43:13,Male,21,White,,NY,Nassau ,Yes,Yes,Baseball,American Football,Yes,End of high school,1,Yes,2,93,6,2,Yes,Yes,Graduate Student,"Economics, BA",Binghamton University,,Yes,,3.4,Employment,No,None,Yes,Do not train,Do not train,No effect,,,
9/24/2025 21:19:52,Male,20,Asian,Taiwan,NY,N/A,Yes,Yes,American Football,XC/Track and Field,Yes,End of high school,2,No,,92,7,4,Yes,Yes,Sophomore,"Business Administration, BS",Binghamton University,,,,3.5,Graduate School,No,None,Yes,Do not train,Do not train,Positive effect,No,N/A,
9/25/2025 10:39:31,Male,20,White,,NY,Albany ,Yes,Yes,American Football,None,No,During high school,2,Yes,1,94,7,2,No,Yes,Junior,"Biological Sciences, BS",Binghamton University,,Yes,,3.8,Graduate School,No,None,No,Do not train,Do not train,N/A,,,
9/25/2025 15:21:53,Female,21,White,,NY,N/A,Yes,Yes,Soccer,Golf,Yes,Never Stopped,6,Yes,5+,96,7,2,Yes,Yes,Senior,"Economics, BA",Binghamton University,,,,3.68,Employment,No,None,Yes,Do not train,Do not train,No effect,,,
9/25/2025 15:29:18,Female,21,White,,NY,Suffolk,Yes,No,None,None,No,End of middle school,4,Yes,3,99,Did not train,Did not train,No,No,Senior,"Mathematical Sciences, BA",Binghamton University,,,,3.35,Graduate School,No,None,No,Do not train,Do not train,N/A,,"I think on google forms there's an option that if you submit yes to answer or no it brings you to a next page for additional questions depending on what your answer is. Instead of having questions that aren't applicable for each person/it being confusing if you should leave the question blank you just wouldn't be asked the question. Also I don't know what gender your data is looking into, but I think including dance as a sport would be a common response for girls so it wouldn't be written as other.",
9/25/2025 18:11:22,Male,18,Hispanic or Latino,,NJ,Essex,Yes,Yes,XC/Track and Field,Soccer,Yes,Never Stopped,3,Yes,3,88,6,3,Yes,Yes,Freshman,Other,Stony Brook University ,Economics,Yes,Yes,3.51,Graduate School,Yes,XC/Track and Field,No,6,3,Positive effect,Yes,,Recruited
9/25/2025 18:11:33,Female,19,White,,NY,Onondaga ,Yes,Yes,XC/Track and Field,Lacrosse,Yes,Never Stopped,3,Yes,4,92,6,2,Yes,Yes,Sophomore,Other,Stony Brook University,Sociology ,Yes,No,3.2,Graduate School,Yes,XC/Track and Field,No,6,3,Positive effect,No,,Recruited
9/25/2025 18:11:35,Female,20,White,,NY,Niagara,No,Yes,XC/Track and Field,None,Yes,Never Stopped,5,No,,102.34,7,3,Yes,Yes,Junior,Other,Stony Brook University,Anthropology,No,,2.92,Both,Yes,XC/Track and Field,No,7,3,Positive effect,Yes,Very clear!!! The questions were easy to answer!!,Recruited
9/25/2025 18:12:11,Female,19,White,,NY,Orange,Yes,Yes,XC/Track and Field,Soccer,Yes,Never Stopped,3,No,,98,6,2,Yes,Yes,Sophomore,"Anthropology, BA",Stony Brook University ,Anthropology ,Yes,Yes,3.7,Both,Yes,XC/Track and Field,No,6,2,No effect,Yes,,Recruited
9/25/2025 18:12:33,Female,19,White,,NY,Rensselaer,Yes,Yes,XC/Track and Field,Basketball,Yes,Never Stopped,6,Yes,2,99.1,6,2,Yes,Yes,Sophomore,Other,Stony Brook University,Biochem (BS) and Psychology 2nd major (BS),No,No,3.59,Both,Yes,XC/Track and Field,No,6,3,No effect,Yes,,Recruited
9/25/2025 18:12:39,Male,18,White,,NY,Albany,Yes,Yes,XC/Track and Field,None,Yes,Never Stopped,2,No,,92,7,2,Yes,Yes,Freshman,Other,Stony Brook University,Business management,Yes,Waitlisted,NA,Graduate School,Yes,XC/Track and Field,No,6,2,Negative effect,No,,Recruited
9/25/2025 18:12:43,Male,20,White,,NY,Schenectady ,Yes,Yes,XC/Track and Field,Soccer,No,Never Stopped,2,Yes,2,95,6,2,Yes,Yes,Junior,Other,Stony Brook University,Physics and Applied Math,No,No,3.9,Both,Yes,XC/Track and Field,No,7,2,Positive effect,No,,Recruited
9/25/2025 18:13:05,Female,21,Hispanic or Latino,,NY,Westchester,Yes,Yes,XC/Track and Field,XC/Track and Field,Yes,Never Stopped,3,Yes,1,96,6,2,Yes,Yes,Senior,Other,Stony Brook University,Health science,No,,3.2,Graduate School,Yes,XC/Track and Field,No,6,2,Positive effect,Yes,,Recruited
9/25/2025 18:13:19,Female,20,White,,NY,Orange,Yes,Yes,XC/Track and Field,None,Yes,Never Stopped,6,Yes,2,94,6,2,Yes,Yes,Junior,Other,Stony Brook University,Health Science,Yes,Yes,3.5,Graduate School,Yes,XC/Track and Field,No,6,3,Positive effect,Yes,All good broski,Recruited
9/25/2025 18:13:27,Female,20,White,,NY,Suffolk,Yes,Yes,XC/Track and Field,Basketball,Yes,Never Stopped,4,Yes,3,101.3,7,2,Yes,Yes,Senior,Other,Stony Brook University,Health Science,No,Did Not Apply,3.75,Graduate School,Yes,XC/Track and Field,No,7,2,No effect,Yes,None,Recruited
9/25/2025 18:13:35,Male,19,Hispanic or Latino,,NY,Orange,Yes,Yes,XC/Track and Field,None,Yes,Never Stopped,5,Yes,2,101.73,5,2,Yes,Yes,Sophomore,Other,Stony Brook University,Health Science ,No,,3.87,Med School,Yes,XC/Track and Field,No,6,3,Negative effect,Yes,Confused about the Binghamton focus!,Recruited
9/25/2025 18:13:35,Female,19,White,,NY,Suffolk ,Yes,Yes,XC/Track and Field,None,Yes,Never Stopped,5,Yes,5,104.55,6,2,Yes,Yes,Sophomore,Other,Stony Brook University,Applied Mathematics and Statistics ,Yes,Yes,3.95,Graduate School,Yes,XC/Track and Field,No,6,3,Positive effect,No,,Walk on
9/25/2025 18:14:30,Male,18,White,,NY,Nassau,Yes,Yes,XC/Track and Field,Basketball,Yes,Never Stopped,1,No,,89,7,2,Yes,Yes,Sophomore,Other,Stony Brook University,Health Science,Yes,Yes,3.2,Both,Yes,XC/Track and Field,No,6,3,No effect,No,,Recruited
9/25/2025 18:14:32,Female,18,White,,CT,Windham,Yes,Yes,XC/Track and Field,None,Yes,Never Stopped,7,Yes,2,N/A,6,2,Yes,Yes,Sophomore,Other,Stony Brook University ,Biology,Yes,Yes,3.6,Both,Yes,XC/Track and Field,No,6,3,Positive effect,No,,Recruited
9/25/2025 18:15:05,Male,21,White,,NY,Ulster,Yes,Yes,XC/Track and Field,Tennis,Yes,Never Stopped,2,Yes,2,94,6,2,Yes,Yes,Senior,Other,Stony Brook University,English Education,No,Did Not Apply,3.1,Graduate School,Yes,XC/Track and Field,No,7,4,Positive effect,No,üëç,Walk on
9/25/2025 18:15:43,Male,19,White,,NY,Suffolk,Yes,Yes,XC/Track and Field,None,Yes,Never Stopped,5,No,,90,7,2,Yes,Yes,Sophomore,Other,Stony Brook University,Health Science,No,Did Not Apply,3.3,Both,Yes,XC/Track and Field,No,6,2,Positive effect,No,All good,Recruited
9/25/2025 18:17:17,Female,18,White,,NY,Suffolk,Yes,Yes,XC/Track and Field,None,Yes,Never Stopped,8,Yes,4,96,6,3,Yes,Yes,Freshman,Other,Stony Brook University,Mechanical Engineering at SBU,Yes,Yes,IP,Both,Yes,XC/Track and Field,No,6,4,Positive effect,No,When asked about youth sports it doesn‚Äôt ask about before high school only during high school,Recruited
9/25/2025 18:18:06,Female,19,Hispanic or Latino,,NY,Suffolk,Yes,Yes,XC/Track and Field,Soccer,Yes,Never Stopped,2,Yes,5,94,6,2,Yes,No,Sophomore,Other,Stony Brook University,Business ,Yes,Yes,3.78,Employment,Yes,XC/Track and Field,No,7,3,No effect,No,,Recruited
9/25/2025 18:18:15,Female,18,White,,NY,Oneida ,Yes,Yes,XC/Track and Field,Dance,No,Never Stopped,4,Yes,1,99,6,3,Yes,Yes,Freshman,Other,Stony Brook University,Biology,Yes,Yes,4,Graduate School,Yes,XC/Track and Field,No,6,3,Positive effect,No,,Recruited
9/25/2025 18:19:00,Male,19,Black or African American,Nigeria ,N/A,N/A,Yes,Yes,XC/Track and Field,Soccer,Yes,Never Stopped,2,Yes,2,92,5,2,Yes,Yes,Junior,Other,Stony Brook University,Mechanical engineering ,Yes,Waitlisted,3.167,Unemployment ,Yes,XC/Track and Field,No,5,3,Positive effect,No,Fire survey ,Walk on
9/25/2025 18:20:00,Male,20,White,,NY,Slingerlands ,Yes,Yes,XC/Track and Field,Soccer,Yes,Never Stopped,1,Yes,1,93,6,1,Yes,Yes,Junior,Other,Stony Brook University,Health science,No,Did Not Apply,3.2,Graduate School,Yes,XC/Track and Field,No,7,2,Negative effect,No,,Recruited
9/25/2025 18:21:12,Male,18,White,,NY,Orange,Yes,Yes,XC/Track and Field,XC/Track and Field,Yes,Never Stopped,10,Yes,4,98,6,3,Yes,Yes,Freshman,Other,Stony Brook University,Mechanical Engineering ,No,,4,Employment,Yes,XC/Track and Field,No,6,3,Negative effect,Yes,,Recruited
9/25/2025 18:21:44,Male,22,White,,NY,Franklin,Yes,Yes,XC/Track and Field,Alpine Ski Racing,Yes,Never Stopped,12,Yes,3,94,6,2,Yes,Yes,Graduate Student,Other,"Iona University, Stony Brook University ","Biology, Pre-Med concentration ",Yes,Yes,3.8,Graduate School,Yes,XC/Track and Field,No,7,3,Negative effect,Yes,N/A,Recruited
9/25/2025 18:21:46,Male,20,White,,NY,Erie,Yes,Yes,XC/Track and Field,None,Yes,Never Stopped,3,No,,90,7,3,Yes,Yes,Junior,Other,Stony Brook University,Mechanical Engineering,No,No,2.67,Employment,Yes,XC/Track and Field,No,7,4,Negative effect,No,"The questions should include asking what sports were played as a child to study the development/progression of which sports people play at different ages and what sports create athletes in other sports. For example, I played 3 sports as a kid, and I had quit all of them to run by my jr year of high school, but this wasn‚Äôt looked at in depth in the questionnaire.",Recruited
9/25/2025 18:22:03,Male,19,Asian,,NY,Albany,Yes,Yes,XC/Track and Field,Baseball,Yes,Never Stopped,6,Yes,3,99.93,7,2,Yes,Yes,Junior,Other,Stony Brook University,Applied Mathematics and Statistics,No,,3.9,Graduate School,Yes,XC/Track and Field,No,7,4,No effect,No,,Recruited
9/25/2025 18:22:07,Male,17,White,Italy,N/A,N/A,Yes,Yes,XC/Track and Field,Golf,Yes,Never Stopped,2,Yes,5,98.3,6,3,Yes,Yes,Freshman,Other,Stony Brook University ,Computer Science,No,No,4,Both,Yes,XC/Track and Field,Yes,6,3,No effect,No,Nah,Recruited
9/25/2025 18:23:23,Female,21,Hispanic or Latino,,NY,Dutchess,Yes,Yes,XC/Track and Field,XC/Track and Field,Yes,Never Stopped,6,No,,92,7,2,Yes,Yes,Senior,Other,Stony Brook University ,"Biology, BS",No,,2.55,Graduate School,Yes,XC/Track and Field,No,7,4,Negative effect,Yes,It was all clear and complete and just right length.,Recruited
9/25/2025 18:25:06,Male,20,White,,MA,Falmouth,Yes,Yes,XC/Track and Field,None,Yes,Never Stopped,0,No,,83,6,3,Yes,Yes,Junior,Other,Stony Brook University ,Business ,No,Did Not Apply,3.3,Employment,Yes,XC/Track and Field,No,6,4,Positive effect,Yes,,Recruited
9/25/2025 18:26:22,Female,18,White,,NY,Westchester,Yes,Yes,XC/Track and Field,Dance,Yes,Never Stopped,7,Yes,1,97,6,2,Yes,Yes,Freshman,Other,Stony Brook University,Political Science ,Yes,Yes,n/a,Both,Yes,XC/Track and Field,Yes,6,3,Positive effect,No,,Recruited
9/25/2025 18:31:07,Male,22,White,,NY,Rockland,Yes,Yes,Baseball,XC/Track and Field,No,End of high school,8,Yes,2,99,6,3,No,Yes,Alum,Other,University of Connecticut ,Accounting,Yes,Yes,3.98,Employment,No,None,Yes,Do not train,Do not train,N/A,No,None,
9/25/2025 18:32:29,Male,20,Hispanic or Latino,,NY,Rockland ,Yes,Yes,XC/Track and Field,None,Yes,Never Stopped,5,Yes,5,94,6,3,Yes,Yes,Senior,Other,Stony Brook University,Psychology ,Yes,Yes,3.3,Graduate School,Yes,XC/Track and Field,No,7,3,Negative effect,No,,Recruited
9/25/2025 18:44:44,Male,21,White,,NY,Onondaga,Yes,Yes,Golf,Hockey,Yes,End of high school,7,Yes,1,99,5,2,No,Yes,Senior,"Business Administration, BS",Binghamton University,,,,3.8,Employment,No,None,Yes,Do not train,Do not train,N/A,,,
9/25/2025 18:48:28,Male,19,White,,NY,Suffolk,Yes,Yes,XC/Track and Field,None,Yes,Never Stopped,1,Yes,3,96,7,2,Yes,No,Sophomore,"Business Administration, BS",Stony Brook University,,Yes,Yes,3.65,Graduate School,Yes,XC/Track and Field,No,7,2,Positive effect,No,,Walk on
9/25/2025 18:54:50,Female,21,Middle Eastern or North African,,NY,Nassau,Yes,Yes,Soccer,XC/Track and Field,No,End of high school,7,Yes,5+,99.8,6,3,No,Yes,Senior,"Integrative Neuroscience, BS",Binghamton University,,,,3.8,Medical school ,No,None,No,Do not train,Do not train,N/A,,,
9/25/2025 19:11:12,Male,21,White,,NY,Nassau,Yes,Yes,XC/Track and Field,None,Yes,Never Stopped,4,Yes,1,98,7,1,Yes,Yes,Graduate Student,Other,Stony Brook University,Applied Mathematics & Statistics,No,,3.8,Employment,Yes,XC/Track and Field,No,6,3,Positive effect,No,,Walk on
9/25/2025 19:44:00,Male,20,White,,NY,Rockland,Yes,Yes,Baseball,XC/Track and Field,Yes,Never Stopped,2,No,,100,5,2,Yes,Yes,Junior,"Mathematical Sciences, BA",Binghamton University,,,,3.73,Graduate School,No,None,Yes,Do not train,Do not train,No effect,No,,
9/25/2025 20:02:48,Male,21,White,,NY,Rockland,Yes,Yes,XC/Track and Field,Soccer,No,End of high school,1,Yes,1,99.6,6,2,Yes,Yes,Senior,Other,University of Massachusetts Amherst,Computer Science,Yes,Waitlisted,3.7,Employment,No,None,Yes,Do not train,Do not train,Positive effect,,Everything was good - took around 5-7 minutes. Maybe last question should be specific about ‚ÄúDon‚Äôt answer if you do not play a sport‚Äù The intramural sports question shouldn‚Äôt be optional.,
9/25/2025 20:17:10,Male,21,White,,MA,Plymouth ,Yes,Yes,Soccer,None,No,Never Stopped,1,No,,100,7,2,Yes,No,Senior,Other,University of Massachusetts Amherst,Biology ,No,,3,Employment,No,None,Yes,Do not train,Do not train,N/A,No,This feedback question is to long remove it ,
9/25/2025 20:19:47,Male,21,White,,MA,Middlesex ,Yes,Yes,Basketball,XC/Track and Field,No,Never Stopped,1,No,,N/A,6,2,Yes,Yes,Senior,Other,University of Massachusetts Amherst,Journalism ,No,,3.36,Employment,No,None,Yes,Do not train,Do not train,N/A,,,
9/25/2025 20:35:04,Male,20,White,,NY,Rockland,Yes,Yes,Baseball,XC/Track and Field,Yes,End of high school,5,Yes,1,99,2,2,Yes,Yes,Junior,"Mechanical Engineering, BS",Binghamton University,,,,3.65,Employment,No,None,Yes,7,Do not train,N/A,,,
9/26/2025 8:28:35,Male,21,White,,NY,Suffolk ,Yes,Yes,Golf,Soccer,No,End of high school,3,Yes,3,90,3,4,Yes,Yes,Senior,"Business Administration, BS",Binghamton University,,,,3.98,Employment,No,None,Yes,Do not train,Do not train,Positive effect,,The survey took me about 5 minutes and overall I thought it worked well and asked clear questions.,
9/26/2025 15:42:55,Female,20,White,,NY,Orange,Yes,Yes,XC/Track and Field,Tennis,Yes,Never Stopped,2,Yes,1,92,6,3,Yes,Yes,Junior,Other,Stony Brook University,Journalism,Yes,Waitlisted,3.2,Graduate School,Yes,XC/Track and Field,No,6,3,Positive effect,No,"no, all good",Walk on
9/26/2025 18:34:42,Female,20,White,,NY,Rensselaer ,Yes,Yes,XC/Track and Field,Basketball,Yes,Never Stopped,5,No,,95,6,2,Yes,Yes,Junior,Other,Stony Brook University,Health Science,No,,3.68,Graduate School,Yes,XC/Track and Field,No,6,3,Negative effect,No,Good job ,Recruited
9/28/2025 14:58:13,Male,17,White,,NY,Rockland,Yes,Yes,XC/Track and Field,None,No,End of high school,3,Yes,2,85,6,3,No,Yes,Freshman,Other,SUNY Albany,Cybersecurity ,Yes,No,No GPA yet,Both,No,None,No,Do not train,Do not train,N/A,,,
9/28/2025 15:00:48,Male,18,"Black or African American, White",,NY,Rockland,Yes,Yes,XC/Track and Field,Swimming and Diving,No,Never Stopped,2,Yes,4,89,6,3,Yes,Yes,Freshman,Other,High Point University ,Mechanical Engineering ,Yes,Yes,No GPA Yet,Graduate School,No,None,Yes,Do not train,Do not train,Positive effect,No,It was about right on the time took to fill out survey,
9/28/2025 15:10:17,Male,18,White,,NY,Rockland,Yes,Yes,XC/Track and Field,None,No,End of high school,4,Yes,3,100,6,2,No,Yes,Freshman,"Mechanical Engineering, BS",Binghamton University,,,,No GPA Yet,Graduate School,No,None,No,Do not train,Do not train,N/A,,,
9/28/2025 15:10:32,Male,18,White,,NY,Rockland,Yes,Yes,XC/Track and Field,Baseball,Yes,End of high school,2,Yes,2,91,6,2,No,Yes,Freshman,Other,University of Connecticut ,Business Management ,Yes,No,3.88,Both,No,None,Yes,Do not train,Do not train,Positive effect,No,Maybe ask if you played any sports outside of high school (Like a club sport outside of school teams).,
9/28/2025 15:21:41,Male,18,Hispanic or Latino,,NY,Rockland,No,Yes,XC/Track and Field,None,Yes,End of high school,5,Yes,2,92,6,3,No,Yes,Sophomore,"Mechanical Engineering, BS",Rochester Institute of Technology ,,Yes,No,3.2,Both,No,None,No,Do not train,Do not train,Positive effect,No,All good king,
9/28/2025 15:44:34,Male,18,White,,NY,Rockland ,Yes,Yes,XC/Track and Field,None,No,End of high school,2,Yes,2,97,6,2,No,Yes,Freshman,"Biological Sciences, BA",Binghamton University,,,,No GPA Yet,Both,No,None,No,Do not train,Do not train,N/A,,Looks good üëç ,
9/28/2025 15:50:58,Male,18,Black or African American,,NY,Rockland,Yes,Yes,XC/Track and Field,None,No,End of high school,8,No,,87,6,2,Yes,No,Freshman,Other,Rockland Community College ,Physical education,No,No,N/A,Employment,No,None,No,Do not train,Do not train,Positive effect,,No,
9/29/2025 0:23:19,Male,18,Black or African American,,NY,Rockland,No,Yes,XC/Track and Field,XC/Track and Field,Yes,Never Stopped,3,Yes,2,N/A,6,2,No,Yes,Freshman,Other,Stevens Institute of Technology ,Mechanical engineering ,Yes,Deferred,No GPA yet,Both,Yes,XC/Track and Field,No,6,2,Positive effect,No,,Walk on
9/29/2025 11:50:27,Male,21,White,,DE,Lewes,Yes,Yes,None,None,No,During high school,1,No,,97,Did not train,Did not train,No,No,Senior,"Mathematical Sciences, BA",Binghamton University,,,,3.6,Graduate School,No,None,No,Do not train,Do not train,N/A,,All questions were clear and unbiased. I don't think any of the questions were repetitive but I guess it depends on what the data is for ,
9/29/2025 21:09:16,Male,19,White,,NY,Rockland,Yes,Yes,XC/Track and Field,None,Yes,End of high school,1,Yes,5+,101,7,2,No,No,Sophomore,Other,University of South Carolina ,Biological Sciences,No,No,4,Graduate School,No,None,No,Do not train,Do not train,N/A,,,
10/7/2025 20:50:47,Male,21,White,,NY,Rockland,Yes,No,Baseball,None,No,Before middle school,3,Yes,3,98,Did not train,Did not train,No,No,Senior,"Philosophy, Politics, and Law, BA",Binghamton University,,,,3.8,Graduate School,No,None,No,Do not train,Do not train,N/A,No,Great survey,
10/8/2025 10:27:38,Female,21,White,,NY,Westchester,Yes,Yes,softball,None,Yes,End of high school,7,Yes,2,93,5,2,No,No,Senior,"Political Science, BA",Binghamton University,,,,3.98,Graduate School,No,None,No,Do not train,Do not train,N/A,No,,
10/8/2025 11:59:44,Female,21,White,,NY,Monroe,No,Yes,XC/Track and Field,None,No,End of high school,5,No,,93,6,2,No,Yes,Senior,"Political Science, BA",Binghamton University,,,,3.58,Graduate School,No,None,No,Do not train,Do not train,N/A,,,
10/8/2025 14:38:23,Female,20,White,,NY,Rockland,Yes,Yes,Volleyball,None,Yes,End of high school,7,Yes,3,96,5,3,No,Yes,Junior,"Geography, BA",Binghamton University,,,,3.8,Graduate School,No,None,No,Do not train,Do not train,N/A,,,
10/8/2025 14:39:20,Female,19,White,,NY,Rockland ,Yes,Yes,Field Hockey,XC/Track and Field,Yes,End of high school,8,Yes,5+,100,6,2,Yes,Yes,Junior,"Mathematical Sciences, BA",Binghamton University,,,,3.44,Graduate School,No,None,Yes,Do not train,Do not train,Positive effect,No,,
10/8/2025 14:40:12,Female,21,White,,NY,Erie,Yes,Yes,Dance,None,No,Never Stopped,2,No,,97,7,2,No,Yes,Senior,"Economics, BA",Binghamton University,,,,3.37,Both,No,None,Yes,Do not train,Do not train,N/A,,,
10/8/2025 14:41:45,Female,18,White,,NY,Monroe,No,Yes,XC/Track and Field,None,Yes,End of high school,5,Yes,2,94,6,2,No,Yes,Sophomore,"Economics, BA",Binghamton University,,,,3.07,Employment,No,None,Yes,Do not train,Do not train,Positive effect,,"Intramural sports are different than club sports, maybe differentiating between the two in that specific question might be helpful?",
10/8/2025 14:44:57,Female,22,Asian,,NY,Broome,No,No,None,None,No,Never Played,8,Yes,1,95,Did not train,Did not train,No,No,Senior,"Mathematical Sciences, BA",Binghamton University,,,,3,Employment,No,None,No,Do not train,Do not train,N/A,,survey looks good!,
10/8/2025 15:20:39,Female,21,White,,NY,Nassau,Yes,Yes,Soccer,Volleyball,No,End of high school,5,Yes,2,92,5,2,No,Yes,Senior,"Environmental Studies, BA",Binghamton University,,,,3.25,Both,No,None,No,Do not train,Do not train,N/A,,,
10/8/2025 15:49:28,Female,21,White,,NY,Monroe,Yes,Yes,Gymnastics,None,No,During high school,4,Yes,5+,95,4,3,No,No,Graduate Student,"Mathematical Sciences, BA",Binghamton University,,,,3.64,Graduate School,No,None,No,Do not train,Do not train,Positive effect,,,
10/8/2025 16:07:02,Male,20,Hispanic or Latino,,NY,Nassau,No,Yes,XC/Track and Field,XC/Track and Field,Yes,Never Stopped,6,Yes,5+,94,5,2,No,Yes,Junior,"Mathematical Sciences, BA",Binghamton University,,,,2.96,Employment,No,None,No,Do not train,Do not train,N/A,,This survey didn't take me too long to complete. The wording of the questions didn't feel biased. The answer choices were clear and complete. ,
10/10/2025 9:04:16,Male,19,White,,NY,Suffolk ,Yes,Yes,Tennis,Volleyball,Yes,Never Stopped,3,Yes,3,95,7,3,Yes,Yes,Junior,"Mathematical Sciences, BA",Binghamton University,,,,3.35,Graduate School,No,None,Yes,Do not train,Do not train,Positive effect,,,
10/10/2025 9:04:29,Female,19,"Asian, White",,NY,Westchester,Yes,Yes,Swimming and Diving,Tennis,No,End of middle school,8,Yes,5+,98.8,5,2,No,Yes,Sophomore,"Computer Science, BS",Binghamton University,"I am also  double major, Math and CS",,,3.87,Both,No,None,No,Do not train,Do not train,N/A,,No double major option,
10/10/2025 9:05:19,Female,21,White,,NY,Monroe,Yes,Yes,Cheer,XC/Track and Field,Yes,End of high school,8,Yes,2,97,6,2,No,Yes,Senior,"Mathematical Sciences, BA",Binghamton University,,,,3.95,Employment,No,None,Yes,Do not train,Do not train,Positive effect,No,,
10/10/2025 9:09:03,Male,18,White,,NY,Bronx,No,Yes,Volleyball,None,Yes,End of high school,4,Yes,2,98.86,4,2,No,Yes,Freshman,"Mathematical Sciences, BA",Binghamton University,,,,No GPA Yet,Both,No,None,No,Do not train,Do not train,N/A,,,
10/10/2025 9:09:24,Male,18,White,,MA,Berkshire,Yes,Yes,XC/Track and Field,Swimming and Diving,Yes,End of high school,3,Yes,4,97,6,2,No,Yes,Freshman,"Mathematical Sciences, BA",Binghamton University,,,,No GPA Yet,Graduate School,No,None,Yes,Do not train,Do not train,N/A,,,
10/10/2025 9:36:38,Male,19,White,,NY,Broome,No,No,None,None,No,Never Played,1,Yes,1,97,Did not train,Did not train,No,No,Sophomore,"Mathematical Sciences, BS",Binghamton University,,,,3.87,Graduate School,No,None,No,Do not train,Do not train,N/A,,,
10/10/2025 9:45:52,Female,18,"Asian, White",,NY,Dutchess,Yes,No,None,None,No,End of middle school,5,Yes,3,98.1,Did not train,Did not train,No,Yes,Freshman,"Mathematical Sciences, BS",Binghamton University,,,,No GPA Yet,Employment,No,None,No,Do not train,Do not train,N/A,,,
10/10/2025 9:46:17,Male,19,White,,NY,Tompkins,Yes,Yes,Lacrosse,Soccer,No,End of high school,5,Yes,2,95,5,2,No,Yes,Junior,"Computer Science, BS",Binghamton University,,,,3.8,Graduate School,No,None,No,Do not train,Do not train,No effect,,,
10/10/2025 9:46:35,transmasculine,19,"Asian, White",,NY,Dutchess,No,No,None,None,No,Never Played,3,Yes,2,98,Did not train,Did not train,No,No,Sophomore,"Chemistry, BS",Binghamton University,,,,3.42,Graduate School,No,None,No,Do not train,Do not train,N/A,No,"-I think major should've been a write-in for people with double majors/minors
-Took about 5 minutes, not too long
-Could've streamlined it a little more to skip the questions about how long you trained, what sport, etc if you answered that you didn't do spots
-Otherwise pretty good :)",
10/10/2025 9:52:27,Male,24,White,,NY,Westchester,Yes,Yes,XC/Track and Field,None,Yes,Never Stopped,1,Yes,3,91,6,2,Yes,Yes,Alum,"Computer Science, BS",Binghamton University,,,,3.3,Both,No,None,Yes,Do not train,Do not train,Positive effect,,,
10/10/2025 10:02:24,Nonbinary,18,White,,VA,Newport News,Yes,Yes,Fencing (sabre),None,No,Never Stopped,4,Yes,4,95,3,3,No,Yes,Freshman,"Mathematical Sciences, BS",Binghamton University,,,,No GPA Yet,Graduate School,No,None,Yes,Do not train,Do not train,No effect,No,"The questions were clear and not repetitive, although asking how many hours you practiced a day may or may not only apply to the days you practice. Not knowing your exact goals, I don't see anything you need to add. It took about 5 mins, which I think is a good length for a survey. I don't think any were leading questions. When listing sports, my answer wasn't listed, but the other box remedied this. I think overall it's a pretty good survey (certainly better than others I've had to take)",
10/10/2025 10:07:47,Male,20,White,,NY,Suffolk,Yes,Yes,Baseball,XC/Track and Field,Yes,End of high school,2,Yes,3,96,6,2,No,Yes,Junior,"Mathematical Sciences, BA",Binghamton University,,,,3.2,Graduate School,No,None,Yes,Do not train,Do not train,N/A,,,
10/10/2025 10:07:59,Male,19,"Asian, White",,NY,Monroe,Yes,No,None,None,No,Before middle school,4,Yes,3,100,Did not train,Did not train,No,No,Sophomore,Other,Binghamton University,,,,3.98,Employment,No,None,No,Do not train,Do not train,N/A,,,
10/10/2025 10:09:32,Male,22,White,,NY,Kings,Yes,Yes,Golf,None,No,End of high school,2,Yes,1,92,1,Did not train,No,No,Graduate Student,"Mathematical Sciences, BA",Binghamton University,,,,3.28,Both,No,None,No,Do not train,Do not train,N/A,,"""After college plans"" could be misleading if already marked as a graduate student in one of the earlier questions. For clarity, I selected ""Both"" since I plan to complete Grad School AND be employed in the upcoming future, or after college.

The server took me around 5 minutes to complete, which feels like a fine time. I am slightly biased since I could skip the questions about college sports due to not partaking in them, so it would be better to take feedback of the length of those questions for those who they are relevant to.
",
10/10/2025 10:09:38,Male,22,White,,CT,Middlesex,No,Yes,XC/Track and Field,None,No,End of high school,1,Yes,2,95,5,2,No,Yes,Graduate Student,"Mathematical Sciences, BS",Binghamton University,,,,3.86,Graduate School,No,None,No,Do not train,Do not train,N/A,,,
10/10/2025 10:38:54,Male,21,White,,NY,Suffolk,Yes,Yes,Swimming and Diving,None,Yes,Never Stopped,1,Yes,2,98.7,6,2,Yes,Yes,Senior,"Mathematical Sciences, BA",Binghamton University,,,,4,Employment,Yes,Swimming and Diving,No,6,3,Positive effect,Yes,All good.,Recruited
10/10/2025 10:52:28,Female,21,Asian,China ,N/A,N/A,No,No,Volleyball,Tennis,No,End of high school,7,No,,93,Did not train,Did not train,No,No,Senior,"Mathematical Sciences, BS",Binghamton University,,,,3.73,Graduate School,No,None,No,Do not train,Do not train,N/A,No,,
10/10/2025 11:30:19,Male,19,White,,NY,Tioga,Yes,Yes,Baseball,Basketball,Yes,End of high school,1,No,,100,6,3,No,Yes,Junior,"Mathematical Sciences, BA",Binghamton University,,,,3.7,Employment,No,None,No,Do not train,Do not train,N/A,,,
10/10/2025 11:38:40,Female,21,White,,NY,Warren,Yes,Yes,Skiing,None,No,End of high school,4,Yes,2,96,5,4,No,Yes,Senior,"Mathematical Sciences, BA",Binghamton University,,,,3.22,Employment,No,None,No,Do not train,Do not train,N/A,,,
10/10/2025 11:40:58,Female,18,White,,NY,Monroe,No,Yes,Cross-country skiing,None,No,End of high school,4,Yes,4,98,4,2,No,Yes,Freshman,"Mathematical Sciences, BA",Binghamton University,,,,No GPA Yet,Graduate School,No,None,No,Do not train,Do not train,N/A,,"I think the questions about the days and hours per week you trained for the sport could be more specific. It could be broken down into days and hours during the season vs offseason. 

The rest was great! It took me about 3 minutes to complete, which was perfect.",
10/10/2025 11:54:31,Male,19,White,,NY,Nassau,Yes,Yes,Baseball,Basketball,Yes,End of high school,2,Yes,2,96,6,2,No,Yes,Junior,"Mathematical Sciences, BS",Binghamton University,,,,3.5,Graduate School,No,None,Yes,Do not train,Do not train,Positive effect,,,
10/10/2025 11:56:32,Male,18,"Native Hawaiian or Pacific Islander, White",,NY,Erie,Yes,Yes,Lacrosse,Golf,Yes,Never Stopped,5,Yes,3,96,5,1,Yes,Yes,Freshman,"Mathematical Sciences, BA",Binghamton University,,,,No GPA yet,Employment,No,None,Yes,Do not train,Do not train,N/A,,clarify the second last question and what to say if you don't play a collegiate sport. The rest of the survey was good.,
10/10/2025 11:58:10,Female,19,White,,NY,Erie,Yes,No,None,None,No,Before middle school,5,Yes,5,97,Did not train,Did not train,No,No,Sophomore,"Mathematical Sciences, BA",Binghamton University,,,,3.88,Employment,No,None,No,Do not train,Do not train,N/A,,,
10/10/2025 12:05:45,Male,20,White,,NY,Westchester,Yes,Yes,Baseball,American Football,No,End of high school,1,Yes,4,95,5,2,No,Yes,Junior,"Mathematical Sciences, BA",Binghamton University,,,,4,Graduate School,No,None,No,Do not train,Do not train,N/A,,,
10/10/2025 12:42:03,Male,20,White,,NY,Suffolk,Yes,Yes,Wrestling,None,No,End of high school,0,Yes,2,97.73,6,3,No,Yes,Junior,"Mathematical Sciences, BA",Binghamton University,,,,3.4,Employment,No,None,Yes,Do not train,Do not train,No effect,,,
10/10/2025 12:51:48,Male,20,Asian,,NY,Westchester,No,No,None,None,No,Never Played,4,Yes,2,96,Did not train,Did not train,No,No,Junior,"Mathematical Sciences, BS",Binghamton University,,,,3.98,Employment,No,None,No,Do not train,Do not train,N/A,,,
10/10/2025 12:51:58,Male,20,White,,NY,Queens,Yes,No,None,None,No,Never Played,1,Yes,1,92,Did not train,Did not train,No,No,Junior,"Mathematical Sciences, BS",Binghamton University,,,,4,Graduate School,No,None,No,Do not train,Do not train,N/A,,,
10/10/2025 13:12:27,Female,19,Asian,,NY,Queens,No,Yes,Softball,Dance,No,During high school,3,No,,98,4,2,No,No,Sophomore,"Business Administration, BS",Binghamton University,,,,3.71,Employment,No,None,No,Do not train,Do not train,No effect,,Too easy for responders to answer in a way supporting their own beliefs regarding the impact of sports on academics,
10/10/2025 13:58:20,Male,20,White,,NY,Genesee,Yes,Yes,Hockey,Baseball,Yes,End of high school,3,Yes,4,98,7,2,No,Yes,Junior,"Mathematical Sciences, BA",Binghamton University,,,,3.3,Employment,No,None,Yes,Do not train,Do not train,N/A,,i think less college athletes questions,
10/10/2025 14:56:54,Female,20,White,,NY,Erie,Yes,Yes,Softball,Basketball,Yes,Never Stopped,1,Yes,2,98.5,5,2,Yes,Yes,Junior,"Mathematical Sciences, BS",Binghamton University,,,,3.3,Both,No,None,Yes,Do not train,Do not train,N/A,,"Ask about Club sports in college as well, because I am apart of those, but do not play at the collegiate level. Add softball as a sport :(. Maybe also ask about playing a third sport, because I also did tennis in high school, and I know many people were 3 sport athletes",
10/10/2025 15:05:00,Male,18,White,,NY,Monroe,Yes,No,None,None,No,End of middle school,6,Yes,4,98,Did not train,Did not train,No,No,Freshman,"Mathematical Sciences, BA",Binghamton University,,,,No GPA Yet,Graduate School,No,None,No,Do not train,Do not train,N/A,,"I‚Äôm taking two majors, but I could only state one",
10/10/2025 17:33:58,Male,21,White,,PA,Bucks,Yes,Yes,Soccer,None,No,End of high school,2,Yes,2,92,3,2,No,Yes,Junior,"Mathematical Sciences, BS",Binghamton University,,,,3.78,Employment,No,None,Yes,Do not train,Do not train,N/A,No,,
10/10/2025 17:35:07,Male,21,White,,NY,Schoharie,Yes,Yes,American Football,XC/Track and Field,No,End of high school,5,Yes,2,93,6,3,No,Yes,Senior,"Mathematical Sciences, BS",Binghamton University,,,,3.96,Graduate School,No,None,No,Do not train,Do not train,N/A,,,
10/10/2025 17:42:35,trans/queer/nonbinary,18,White,,NY,Onondaga,Yes,No,None,None,No,Before middle school,8,Yes,4,99,Did not train,Did not train,No,No,Sophomore,"Mathematical Sciences, BS",Binghamton University,,,,4,Graduate School,No,None,No,Do not train,Do not train,N/A,,,
10/12/2025 1:40:21,Female,21,White,,NY,Westchester,No,Yes,Lacrosse,None,No,During high school,15,Yes,2,98,5,3,No,Yes,Senior,"Mathematical Sciences, BA",Binghamton University,,,,2.94,Both,No,None,No,Do not train,Do not train,N/A,No,"You may also want to ask survey participants for how many years or seasons they played their sport, I only played for about 4 months one year of high school. 
",
10/12/2025 14:44:11,Male,19,Asian,,NY,Nassau,No,No,None,None,No,Never Played,8,Yes,4,99.94,Did not train,Did not train,No,No,Sophomore,"Mathematical Sciences, BA",Binghamton University,,,,3.89,Employment,No,None,No,Do not train,Do not train,N/A,,,
10/12/2025 14:52:04,Male,18,Black or African American,,NY,Orange,Yes,Yes,XC/Track and Field,None,No,End of high school,3,Yes,5+,95,7,3,Yes,Yes,Sophomore,"Mathematical Sciences, BS",Binghamton University,,,,3.2,Both,No,None,Yes,Do not train,Do not train,N/A,,"Were any of the questions confusing or unclear? 
Yes, did you mean High school GPA average?

The Survey took me about 5 minutes to complete. (good amount of time)

Is the College GPA question necessary? please add a ""prefer not to say"" option.

Answer choices descriptions felt wordy but clear.

My answers were listed, choices were clear.",
10/13/2025 0:02:07,Female,19,Asian,,NJ,Middlesex,Yes,Yes,Wrestling,Softball,Yes,End of high school,8,Yes,4,87.5,7,3,No,Yes,Junior,"Mathematical Sciences, BA",Binghamton University,,,,3.31,Employment,No,None,Yes,Do not train,Do not train,Positive effect,No,"Overall, the survey was good and easy to follow! I do wish it used the option in Google Forms where follow-up questions only appear if you select a certain answer ‚Äî that feature helps make the form feel more personalized and relevant.

I also have multiple majors, so it would‚Äôve been nice if there was a way to select or enter more than one. Additionally, I wish there were more sports listed on the form, along with questions about travel for those sports and how much time they take.

Everything else worked well ‚Äî the questions were clear and not repetitive, and the length felt about right.",
10/13/2025 12:59:01,Male,23,Asian,,NY,Tompkins,No,No,None,None,No,Never Played,8,Yes,2,N/A,Did not train,Did not train,No,No,Graduate Student,"Mathematical Sciences, BA",Binghamton University,,,,3.626,Both,No,None,No,Do not train,Do not train,N/A,,,
10/13/2025 13:56:57,Male,18,White,,NY,Richmond,Yes,Yes,XC/Track and Field,None,Yes,Never Stopped,5,No,,97,7,2,Yes,Yes,Freshman,"Mathematical Sciences, BA",Binghamton University,,,,No GPA Yet,Both,No,None,No,Do not train,Do not train,Positive effect,,You should probably ask about club sports or independent sports competition. That would apply to me but neither seemed to have been asked.,
10/13/2025 14:47:34,Female,19,White,,NY,Onondaga,Yes,No,None,None,No,Before middle school,8,Yes,5+,99,Did not train,Did not train,No,No,Sophomore,"Mathematical Sciences, BA",Binghamton University,,,,3.92,Employment,No,None,No,Do not train,Do not train,N/A,,,
10/15/2025 14:41:06,Female,21,White,,NY,Wayne,Yes,Yes,Tennis,XC/Track and Field,Yes,End of high school,4,Yes,5+,99,5,3,No,No,Graduate Student,"Mathematical Sciences, BA",Binghamton University,,,,3.89,Graduate School,No,None,No,Do not train,Do not train,No effect,,"The form is very clear and concise! If possible, I would recommend splitting the form into sections (ex. asking if someone is a college athlete, then only navigating them to the following questions if they select Yes). This would make the form faster for participants and give you less NA data to deal with later. Good luck with your research!",
10/15/2025 19:15:34,Female,20,White,,PA,Montgomery,Yes,Yes,Tennis,XC/Track and Field,Yes,Never Stopped,8,Yes,2,N/A,5,2,No,Yes,Junior,"Mathematical Sciences, BS",Binghamton University,,,,3.96,Both,No,None,Yes,Do not train,Do not train,N/A,,,
10/22/2025 22:47:27,Female,18,White,,NY,Putnam,Yes,Yes,Field hockey,Golf,Yes,End of high school,4,Yes,3,98,6,2,No,Yes,Freshman,"Economics, BA",Binghamton University,,,,No GPA yet,Employment,No,None,No,Do not train,Do not train,N/A,,,
10/22/2025 22:47:49,Female,20,White,,NY,Richmond,Yes,Yes,Dance,Soccer,Yes,End of high school,4,Yes,5+,95,4,2,No,Yes,Graduate Student,"Political Science, BA",Binghamton University,,,Yes,3.6,Employment,No,None,No,Do not train,Do not train,N/A,,,
10/22/2025 22:49:23,Male,18,White,,NY,Suffolk,Yes,Yes,Hockey,Basketball,Yes,During high school,1,Yes,3,97,Did not train,Did not train,No,Yes,Freshman,Undeclared,Binghamton University,,,,No GPA Yet,Employment,No,None,No,Do not train,Do not train,Positive effect,,The survey took not even 5 minutes. I felt that it was a good length because very long surveys I lose focus and don't end up answering the truest towards the end because I just want to get it done with. I thought it was a good survey,
10/22/2025 22:54:43,Male,22,White,,MA,Middlesex,Yes,Yes,Volleyball,None,No,During high school,8,Yes,2,94,5,2,No,Yes,Senior,"Chemistry, BS",Binghamton University,,,,3.82,Both,No,None,No,Do not train,Do not train,N/A,,,
10/22/2025 22:57:29,Female,21,White,,NY,Sullivan ,Yes,Yes,Cheer,None,No,End of high school,8,Yes,5+,100,4,2,No,Yes,Senior,"Environmental Studies, BA",Binghamton University,,,,3.65,Graduate School,No,None,Yes,Do not train,Do not train,N/A,,The question on study time could have an option for >8 hours,
10/22/2025 23:02:40,Male,19,White,,NY,Chemung,No,Yes,Tennis,None,Yes,Never Stopped,6,Yes,2,98,5,2,No,Yes,Freshman,"Mechanical Engineering, BS",Binghamton University,,,,No GPA Yet,Employment,No,None,Yes,Do not train,Do not train,Positive effect,,,
10/22/2025 23:07:31,Male,17,Asian,,NY,Rockland,No,Yes,None,None,No,During high school,4,Yes,5+,98,Did not train,Did not train,Yes,Yes,Freshman,"Integrative Neuroscience, BS",Binghamton University,,,,No GPA Yet,Both,No,None,Yes,Do not train,Do not train,Negative effect,No,,
10/22/2025 23:09:37,Female,19,White,,NY,Lewis,Yes,Yes,Cheer,None,Yes,End of high school,3,Yes,5,99,6,2,No,Yes,Sophomore,"Mathematical Sciences, BA",Binghamton University,,,,3.76,Both,No,None,No,Do not train,Do not train,No effect,No,"The gender question should maybe be more inclusive, I‚Äôm confused about the primary vs secondary sport in high school especially because lots of people play more than two sports (this should be one question with a list of checkboxes where you can check multiple), it‚Äôs unclear what counts as studying in high school (does regular homework count? just studying for exams? what about quizzes?), for majors there should be an option to write in multiple majors since people double or triple major or pursue double degrees.",
10/22/2025 23:12:43,Female,18,White,,NY,Kings,Yes,Yes,Softball,Volleyball,No,Never Stopped,8,Yes,5+,100,7,3,No,Yes,Freshman,"Philosophy, Politics, and Law, BA",Binghamton University,,,,No GPA Yet,Both,No,None,No,Do not train,Do not train,No effect,,"There should be another section for sports played in high school. I did dance, softball, and volleyball but was only able to put 2. I was confused about how to answer certain questions about sports at Binghamton because dance teams and companies do not recruit or offer scholarships.",
10/22/2025 23:14:15,Female,18,White,,NY,DELAWARE,Yes,Yes,Hockey,XC/Track and Field,No,End of high school,2,Yes,5+,94,5,2,No,Yes,Freshman,"Integrative Neuroscience, BS",Binghamton University,,,,No GPA Yet,Both,No,None,No,Do not train,Do not train,Positive effect,,This was a great short survey,
10/22/2025 23:28:13,Female,18,Asian,,NY,Queens,No,No,None,None,No,Never Played,2,Yes,3,100,Did not train,Did not train,No,No,Freshman,Undeclared,Binghamton University,,,,No GPA Yet,Employment,No,None,No,Do not train,Do not train,N/A,,,
10/22/2025 23:28:59,Female,18,White,,NY,Saratoga,Yes,No,Soccer,None,No,Before middle school,3,Yes,5+,97,Did not train,Did not train,No,No,Freshman,"Accounting, BS",Binghamton University,,,,No GPA Yet,Graduate School,No,None,No,Do not train,Do not train,N/A,No,,
10/23/2025 6:29:03,Female,39,White,,NY,N/A,No,Yes,Tennis,XC/Track and Field,No,End of high school,6,Yes,5,89,5,3,No,No,Alum,"Music, BA",Binghamton University,,,,3.4,Graduate School,No,None,No,Do not train,Do not train,No effect,,Not enough questions about those that pursued graduate and post undergrad studies? ,
10/23/2025 8:40:15,Male,21,White,,NY,Steuben,Yes,Yes,Golf,None,No,During high school,5,No,,92,4,2,No,Yes,Senior,"History, BA",Binghamton University,,,,3.45,Employment,No,None,No,Do not train,Do not train,N/A,,,
10/23/2025 8:45:42,Male,19,White,,NY,Livingston,Yes,Yes,XC/Track and Field,None,Yes,Never Stopped,0,Yes,5+,100.85,6,2,No,Yes,Junior,"History, BA",Binghamton University,,,,3.86,Graduate School,No,None,No,Do not train,Do not train,Positive effect,No,"By focusing solely on sport, I feel bias is present by assuming this may be immediate correlation when there are other factors. ",
10/23/2025 8:50:13,Male,21,Asian,,NY,QUEENS,No,No,None,None,No,Never Played,3,Yes,3,93,Did not train,Did not train,No,No,Senior,"Economics, BA",Binghamton University,,,,3.4,Graduate School,No,None,No,Do not train,Do not train,N/A,,,
10/23/2025 8:51:57,Female,20,White,,NY,Oneida,Yes,Yes,Dance,None,No,End of high school,8,Yes,5,98,7,2,Yes,Yes,Senior,"History, BA",Binghamton University,,,,3.98,Graduate School,No,None,No,5,2,Positive effect,,You should probably include club sports specifically as well as you have a specific section for intramural and NCAA,
10/23/2025 9:21:42,Female,19,"Hispanic or Latino, White",,NY,Orange,Yes,Yes,Dance,None,No,Before middle school,3,Yes,3,90,Did not train,Did not train,No,No,Sophomore,"Psychology, BA",Binghamton University,,,,3.1,Both,No,None,No,Do not train,Do not train,No effect,,,
10/23/2025 9:23:55,Female,20,White,,ny,livingston,Yes,Yes,Basketball,Soccer,Yes,End of high school,5,Yes,2,100,6,2,No,Yes,Junior,"History, BA",Binghamton University,,,,3.94,Graduate School,No,None,No,Do not train,Do not train,N/A,,,
10/23/2025 9:38:06,Prefer not to say,18,White,,PA,York,No,No,None,None,No,Never Played,4,Yes,3,95,Did not train,Did not train,No,No,Freshman,Undeclared,Binghamton University,,,,No GPA Yet,Employment,No,None,No,Do not train,Do not train,N/A,,,
10/23/2025 10:02:45,Female,20,Hispanic or Latino,,NY,Westchester,Yes,Yes,Tennis,bowling,Yes,End of high school,4,Yes,3,99.98,4,2,No,Yes,Junior,"Philosophy, Politics, and Law, BA",Binghamton University,,,,3.79,Graduate School,No,None,No,Do not train,Do not train,Positive effect,No,,
10/23/2025 10:53:16,Male,19,White,,NY,Saratoga,No,No,None,None,No,Never Played,3,Yes,5+,96,Did not train,Did not train,No,No,Sophomore,"Biological Sciences, BA",Binghamton University,,,,3.83,Both,No,None,No,Do not train,Do not train,N/A,,,
10/23/2025 10:54:46,Female,19,"White, South Asian",,NY,Putnam,Yes,Yes,Softball,None,No,During high school,5,Yes,5+,95,2,1,No,No,Sophomore,"Economics, BA",Binghamton University,,,,3.33,Both,No,None,No,Do not train,Do not train,N/A,No,,
10/23/2025 10:56:38,Male,18,Asian,,NY,Richmond,No,No,None,None,No,Never Played,5,No,,99.87,Did not train,Did not train,No,No,Sophomore,"Economics, BA",Binghamton University,,,,3.7,Both,No,None,No,Do not train,Do not train,Positive effect,,,
10/23/2025 10:57:06,Female,19,White,,NY,KINGS,No,No,None,None,No,Never Played,5,Yes,3,98.5,Did not train,Did not train,No,No,Junior,"Electrical Engineering, BS",Binghamton University,,,,3.5,Both,No,None,No,Do not train,Do not train,N/A,No,,
10/23/2025 10:57:16,Female,21,"Black or African American, White",,NY,Albany,Yes,Yes,Basketball,XC/Track and Field,No,During high school,5,Yes,3,N/A,6,3,No,Yes,Senior,"Economics, BA",Binghamton University,,Yes,Yes,3,Both,No,None,No,Do not train,Do not train,N/A,No,,
10/23/2025 11:02:49,Female,21,White,,NY,Steuben,Yes,No,None,None,No,End of middle school,8,Yes,5+,94,Did not train,Did not train,No,No,Senior,"Environmental Science, BS",Binghamton University,,,,3.1,Employment,No,None,No,Do not train,Do not train,N/A,,"The major question doesn‚Äôt account for multiple majors, like I‚Äôm a double major in environmental science and economics so I just selected environmental science. It took less than five minutes which was a good length.",
10/23/2025 11:07:48,Female,19,Asian,,NY,Kings,No,No,None,None,No,Never Played,2,Yes,2,98,Did not train,Did not train,No,No,Junior,"Mathematical Sciences, BA",Binghamton University,,,,3.52,Employment,No,None,No,Do not train,Do not train,N/A,,,
10/23/2025 11:11:22,Female,21,Asian,,NY,Queens,No,Yes,Dance,None,No,End of middle school,2,Yes,4,99,Did not train,Did not train,No,No,Senior,"Economics, BA",Binghamton University,,,,3,Employment,No,None,No,Do not train,Do not train,N/A,No,I think the survey might be too long. ,
10/23/2025 11:11:42,Male,20,"Hispanic or Latino, White",,NY,Ulster,No,Yes,XC/Track and Field,None,No,Never Stopped,1,Yes,2,94,5,2,Yes,Yes,Junior,"Economics, BS",Binghamton University,,,,3,Both,Yes,XC/Track and Field,No,5,3,Negative effect,No,,Recruited
10/23/2025 11:20:13,Female,21,White,,NY,Suffolk,Yes,Yes,Gymnastics,Soccer,No,During high school,5,Yes,3,100,4,2,No,No,Senior,"Mathematical Sciences, BA",Binghamton University,,,,3.9,Employment,No,None,Yes,Do not train,Do not train,No effect,No,,
10/23/2025 11:25:10,Female,21,White,,NY,Essex,Yes,Yes,XC/Track and Field,Basketball,No,Never Stopped,6,Yes,2,100,5,2,No,Yes,Senior,"Economics, BS",Binghamton University,,,,3.68,Employment,No,None,Yes,Do not train,Do not train,N/A,,,
10/23/2025 11:26:40,Female,20,White,,NY,Onondaga,Yes,Yes,XC/Track and Field,None,Yes,End of high school,4,Yes,2,102,5,2,No,Yes,Senior,"Economics, BS",Binghamton University,,,,4,Employment,No,None,No,Do not train,Do not train,Positive effect,,"The last question about participation and grades is confusing, is this for everyone to answer, or only if you play sports in college? Also, I am a double major and there was no spot for me to report that (Environmental Studies, BA)",
10/23/2025 11:39:19,Male,20,Asian,,NY,Broome,Yes,Yes,Soccer,Tennis,Yes,Never Stopped,8,Yes,5,97,7,4,Yes,Yes,Junior,"Economics, BA",Binghamton University,,,,3.4,Employment,No,None,Yes,Do not train,Do not train,Positive effect,No,Everything was good,
10/23/2025 12:04:52,Female,20,Asian,,NY,QUEENS,No,No,None,None,No,Never Played,8,Yes,3,92,Did not train,Did not train,No,No,Junior,"Economics, BA",Binghamton University,,,,3.5,Employment,No,None,No,Do not train,Do not train,No effect,No,,
10/23/2025 12:41:12,Male,20,White,,NY,Monroe,Yes,Yes,American Football,Lacrosse,Yes,End of high school,6,Yes,2,93,5,2,No,Yes,Junior,"Economics, BA",Binghamton University,,,,3.72,Graduate School,No,None,Yes,Do not train,Do not train,Positive effect,,,
10/23/2025 12:42:41,Female,21,White,,NY,Broome,Yes,Yes,Dance,None,Yes,End of high school,4,Yes,3,100.6,5,3,Yes,Yes,Senior,"Economics, BS",Binghamton University,,,,3.5,Both,No,None,No,Do not train,Do not train,N/A,,"Took about 3-4 minutes, all questions seemed clear, answer choices seemed complete.",
10/23/2025 12:48:20,Male,19,Asian,,NY,Westchester,Yes,Yes,XC/Track and Field,None,Yes,End of high school,8,Yes,1,98,6,3,No,Yes,Sophomore,"Economics, BS",Binghamton University,,,,4,Both,No,None,No,Do not train,Do not train,No effect,,,
10/23/2025 12:49:54,Male,27,White,,NY,Suffolk,Yes,Yes,Rowing,None,No,Never Stopped,4,Yes,2,92,5,3,No,Yes,Senior,"Economics, BA",Binghamton University,,,,3,Employment,No,None,No,Do not train,Do not train,N/A,,"Good survey. I think you should add a section about training or working out even if you're not on a sports team, because that might clarify if any patterns you find are due to being on a team or if they're related to working out/athletics generally. Survey took about 7 minutes. Good luck with your project!",
10/23/2025 12:56:57,Female,18,White,,NY,Oneida,Yes,Yes,Soccer,Softball,Yes,End of high school,8,Yes,4,99,6,2,Yes,Yes,Freshman,"Economics, BA",Binghamton University,,,,No GPA Yet,Graduate School,No,None,No,Do not train,Do not train,Positive effect,,,
10/23/2025 13:33:47,Male,19,Black or African American,,NY,Queens,Yes,Yes,Soccer,Volleyball,No,Never Stopped,15,Yes,1,85,2,3,No,No,Junior,"Economics, BS",Binghamton University,,,,3.34,Both,No,None,Yes,Do not train,Do not train,N/A,No,,
10/23/2025 13:38:46,Female,18,Asian,,NY,Westchester,Yes,Yes,Tennis,Volleyball,Yes,End of high school,4,Yes,4,N/A,5,1.5,No,Yes,Freshman,"Biological Sciences, BA",Binghamton University,,,,No GPA Yet,Vet school,No,None,No,Do not train,Do not train,N/A,,,
10/23/2025 13:50:55,Female,19,White,,NY,Putnam County,No,No,None,None,No,Never Played,6,Yes,4,94.8,Did not train,Did not train,No,No,Sophomore,"Economics, BA",Binghamton University,,,,3.68,Law School,No,None,No,Do not train,Do not train,N/A,,,
10/23/2025 14:11:06,Male,20,"Asian, White",,NY,Richmond ,Yes,Yes,Basketball,None,Yes,Never Stopped,0,Yes,5+,96,7,4,Yes,Yes,Sophomore,"Philosophy, Politics, and Law, BA",Binghamton University,,No,,4,Graduate School,Yes,Basketball,No,7,3,No effect,No,,Walk on
10/23/2025 14:14:34,Male,20,White,,NY,Suffolk,Yes,Yes,Soccer,Tennis,Yes,Never Stopped,4,Yes,2,95,5,2,No,Yes,Junior,"Economics, BA",Binghamton University,,,,3.57,Both,No,None,Yes,Do not train,Do not train,N/A,,,
10/23/2025 15:23:51,Male,19,Asian,,NY,Orange,Yes,No,None,None,No,End of middle school,1,Yes,5+,99,Did not train,Did not train,No,No,Sophomore,"Computer Science, BS",Binghamton University,,,,3.85,Employment,No,None,Yes,Do not train,Do not train,N/A,,,
10/23/2025 15:46:56,Male,20,Asian,,NY,Queens,Yes,Yes,Baseball,Badminton,Yes,End of middle school,4,Yes,3,98,2,4,Yes,Yes,Junior,"Industrial and Systems Engineering, BS",Binghamton University,,,,3.01,Both,No,None,Yes,Do not train,Do not train,No effect,,"No
No
No
5 minutes, about right
No
Yes
Asking about high school and college 
Nothing",
10/23/2025 16:11:02,Female,20,Asian,,NY,Kings,Yes,Yes,Volleyball,Tennis,No,Never Stopped,4,Yes,1,92,4,3,No,No,Junior,"Economics, BS",Binghamton University,,,,3,Both,No,None,Yes,Do not train,Do not train,Positive effect,No,,
10/23/2025 17:16:51,Female,21,"American Indian or Alaska Native, White",,CO,El Paso,Yes,Yes,Rugby,None,Yes,Never Stopped,4,Yes,4,91,6,2,Yes,Yes,Senior,"Psychology, BA",Binghamton University,,,,3.73,Graduate School,No,None,No,Do not train,Do not train,No effect,No,"The ‚Äúhow many hours do you train per day‚Äù question could be worded clearer. Because I don‚Äôt train every day, so I just assumed you meant to ask about how long on the days that I do train. ",
10/23/2025 17:25:02,Male,18,Asian,,NY,Yonkers,Yes,Yes,Basketball,None,No,End of high school,5,Yes,2,100,6,3,No,Yes,Freshman,"Mechanical Engineering, BS",Binghamton University,,,,No GPA yet,Both,No,None,No,Do not train,Do not train,Negative effect,,,
10/23/2025 19:18:08,Male,20,Middle Eastern or North African,,NY,Nassau,Yes,Yes,Soccer,Swimming and Diving,Yes,Never Stopped,3,Yes,3,98,6,2,Yes,Yes,Junior,"Arabic Studies, BA",Binghamton University,,,,3.45,Both,No,None,No,Do not train,Do not train,Positive effect,No,,
10/23/2025 19:24:41,Female,20,"Black or African American, White",,NY,Nassau,Yes,Yes,Golf,None,No,End of high school,8,Yes,3,99,3,3,No,Yes,Junior,"Philosophy, Politics, and Law, BA",Binghamton University,,,,3.3,Graduate School,No,None,No,Do not train,Do not train,N/A,No,yes they were clear and well structured ,
10/24/2025 12:12:06,Female,24,White,,NY,Rockland,Yes,Yes,Volleyball,Rowing,Yes,End of high school,4,Yes,3,98,6,3,No,Yes,Alum,"Economics, BA",Binghamton University,,,,3.84,Employment,No,None,No,Do not train,Do not train,N/A,,,
10/25/2025 13:01:32,Male,20,Black or African American,,NY,Westchester,Yes,Yes,Soccer,XC/Track and Field,Yes,Never Stopped,4,Yes,2,93,5,2,Yes,Yes,Junior,"Economics, BA",Binghamton University,,,,3,Unsure,Yes,"Soccer, XC/Track and Field",No,6,3,Negative effect,Yes,,Recruited
10/25/2025 19:17:05,Female,21,Hispanic or Latino,,NY,Rockland,Yes,No,None,None,No,Before middle school,0,Yes,2,97,Did not train,Did not train,No,No,Senior,"Philosophy, Politics, and Law, BA",Binghamton University,,,,3.39,Employment,No,None,No,Do not train,Do not train,N/A,,,
10/27/2025 10:34:41,Male,20,Hispanic or Latino,,NY,Westchester,Yes,Yes,Wrestling,XC/Track and Field,No,During high school,3,Yes,2,97,5,1.5,No,Yes,Senior,"Business Administration, BS",Binghamton University,,,,3.74,Both,No,None,Yes,Do not train,Do not train,Positive effect,,A good question to add is if they still train for the sport but for leisure now. maybe 1-2 more follow ups with the intramural ,
10/27/2025 12:17:06,Female,20,White,,NY,Suffolk,Yes,Yes,Volleyball,XC/Track and Field,No,End of high school,6,Yes,5+,98,6,3,No,Yes,Senior,"Economics, BS",Binghamton University,,,,3.1,Both,No,None,No,Do not train,Do not train,N/A,,,
10/27/2025 17:15:58,Female,18,Black or African American,,NY,Westchester,Yes,Yes,Basketball,Baseball,No,End of high school,10,Yes,5,N/A,3,1.5,No,Yes,Freshman,"Computer Science, BS",Binghamton University,,,,No GPA Yet,Graduate School,No,None,No,Do not train,Do not train,Positive effect,,,
10/27/2025 23:03:49,Non-Binary,24,"Black or African American, Hispanic or Latino",,FL,Leon,Yes,Yes,Softball,None,No,During high school,5,Yes,3,N/A,2,2,No,No,Junior,"Theatre, BA",Binghamton University,,,,3.83,Employment,No,None,No,Do not train,Do not train,N/A,,,